epoch,loss
0,0.0002978676639031619
1,0.00022821867605671287
